date,SBMAY1 Comdty,SBJUL1 Comdty,SBOCT1 Comdty,SBMAR2 Comdty,NY No.11,Hydrous Ethanol,Anhydrous Ethanol,Fertilizer Costs,Brent Crude,USDBRL,Energy Prices,SBMAR1 Comdty,Date
2021-02-01,15.3,14.8,14.64,14.94,16.15,2197.5,,,56.35,5.4457,,16.15,2021-02-01
2021-02-02,15.35,14.78,14.65,14.96,16.29,2203.0,,,57.46,5.3594,,16.29,2021-02-02
2021-02-03,15.21,14.69,14.57,14.89,16.04,2207.0,,,58.46,5.3783,,16.04,2021-02-03
2021-02-04,15.32,14.79,14.66,14.95,16.05,2205.5,,,58.84,5.4323,,16.05,2021-02-04
2021-02-05,15.7,15.11,14.96,15.2,16.42,2208.5,2.4276,387.5,59.34,5.3767,152.1,16.42,2021-02-05
2021-02-08,15.61,15.08,14.96,15.19,16.27,2242.5,,,60.56,5.3576,,16.27,2021-02-08
2021-02-09,15.76,15.2,15.06,15.26,16.44,2277.5,,,61.09,5.3824,,16.44,2021-02-09
2021-02-10,15.84,15.25,15.1,15.35,16.71,2316.0,,,61.47,5.3847,,16.71,2021-02-10
2021-02-11,15.79,15.25,15.11,15.33,16.55,2401.0,,,61.14,5.3854,,16.55,2021-02-11
2021-02-12,15.64,15.13,14.99,15.2,16.38,2428.5,2.4993,395.0,62.43,5.3776,170.45,16.38,2021-02-12
2021-02-15,,,,,,,,,63.3,,,,2021-02-15
2021-02-16,15.92,15.39,15.23,15.42,16.73,,,,63.35,,,16.73,2021-02-16
2021-02-17,16.11,15.54,15.36,15.55,16.96,2524.0,,,64.34,5.4117,,16.96,2021-02-17
2021-02-18,16.59,15.92,15.63,15.76,17.51,2624.0,,,63.93,5.4313,,17.51,2021-02-18
2021-02-19,16.89,16.23,15.91,15.98,17.79,2648.5,2.7649,385.0,62.91,5.3877,173.37,17.79,2021-02-19
2021-02-22,17.44,16.67,16.23,16.21,18.78,2675.5,,,65.24,5.46,,18.78,2021-02-22
2021-02-23,17.01,16.34,16.01,16.08,18.41,2732.0,,,65.37,5.4415,,18.41,2021-02-23
2021-02-24,17.17,16.47,16.11,16.16,18.16,2777.5,,,67.04,5.4159,,18.16,2021-02-24
2021-02-25,16.84,16.24,15.97,16.09,17.84,2808.0,,,66.88,5.5212,,17.84,2021-02-25
2021-02-26,16.45,15.85,15.6,15.77,17.53,2884.5,2.9295,387.5,66.13,5.6033,184.15,17.53,2021-02-26
2021-03-01,16.21,15.71,15.53,14.0,16.21,2884.5,,,63.69,5.6344,,15.74,2021-03-01
2021-03-02,16.43,15.84,15.62,14.06,16.43,2973.0,,,62.7,5.6645,,15.79,2021-03-02
2021-03-03,16.14,15.62,15.46,14.0,16.14,2990.0,,,64.07,5.6233,,15.66,2021-03-03
2021-03-04,16.26,15.7,15.54,14.06,16.26,2988.5,,,66.74,5.6686,,15.74,2021-03-04
2021-03-05,16.4,15.84,15.68,14.08,16.4,2970.5,3.1366,397.5,69.36,5.6831,119.64,15.86,2021-03-05
2021-03-08,16.2,15.71,15.58,14.14,16.2,2978.0,,,68.24,5.8173,,15.8,2021-03-08
2021-03-09,15.9,15.44,15.3,13.83,15.9,2977.5,,,67.52,5.8066,,15.53,2021-03-09
2021-03-10,15.96,15.53,15.42,13.97,15.96,2986.0,,,67.9,5.6725,,15.66,2021-03-10
2021-03-11,16.36,15.89,15.75,14.24,16.36,2983.0,,,69.63,5.5398,,15.98,2021-03-11
2021-03-12,16.13,15.72,15.63,14.31,16.13,2982.0,3.1229,400.0,69.22,5.556,70.71,15.89,2021-03-12
2021-03-15,16.12,15.73,15.64,14.26,16.12,2953.0,,,68.88,5.6171,,15.87,2021-03-15
2021-03-16,16.3,15.88,15.76,14.28,16.3,2857.5,,,68.39,5.6249,,15.97,2021-03-16
2021-03-17,15.99,15.66,15.58,14.22,15.99,2800.0,,,68.0,5.5872,,15.84,2021-03-17
2021-03-18,15.89,15.56,15.5,14.28,15.89,2733.0,,,63.28,5.5613,,15.78,2021-03-18
2021-03-19,15.76,15.45,15.4,14.38,15.76,2657.5,2.9841,404.0,64.53,5.4908,117.4,15.68,2021-03-19
2021-03-22,15.53,15.29,15.27,14.25,15.53,2487.0,,,64.62,5.5071,,15.57,2021-03-22
2021-03-23,15.43,15.18,15.13,14.0,15.43,2442.5,,,60.79,5.5238,,15.41,2021-03-23
2021-03-24,15.63,15.4,15.31,13.98,15.63,2339.5,,,64.41,5.6222,,15.55,2021-03-24
2021-03-25,15.09,14.95,14.92,13.9,15.09,2321.5,,,61.95,5.6483,,15.21,2021-03-25
2021-03-26,15.19,15.02,14.97,13.71,15.19,2302.5,2.5096,410.0,64.57,5.7569,126.23,15.22,2021-03-26
2021-03-29,14.92,14.83,14.84,13.72,14.92,2340.5,,,64.98,5.7833,,15.12,2021-03-29
2021-03-30,14.92,14.85,14.85,13.64,14.92,2387.5,,,64.14,5.7745,,15.11,2021-03-30
2021-03-31,14.77,14.77,14.78,13.62,14.77,2393.0,,,63.54,5.6337,,15.04,2021-03-31
2021-04-01,14.71,14.72,14.74,13.64,14.71,2407.5,2.5252,,64.86,5.7091,,14.96,2021-04-01
2021-04-02,,,,,,,,401.5,,,99.96,,2021-04-02
2021-04-05,14.84,14.74,14.7,13.62,14.84,2412.0,,,62.15,5.6655,,14.91,2021-04-05
2021-04-06,15.16,15.03,14.94,13.87,15.16,2429.0,,,62.74,5.5917,,15.13,2021-04-06
2021-04-07,15.14,15.05,15.03,14.01,15.14,2432.5,,,63.16,5.6163,,15.26,2021-04-07
2021-04-08,15.18,15.18,15.19,14.22,15.18,2483.5,,,63.2,5.5718,,15.45,2021-04-08
2021-04-09,15.46,15.41,15.35,14.19,15.46,2485.0,2.6367,380.0,62.95,5.6845,125.43,15.59,2021-04-09
2021-04-12,15.35,15.36,15.36,14.27,15.35,2517.5,,,63.28,5.7349,,15.6,2021-04-12
2021-04-13,15.43,15.5,15.47,14.23,15.43,2577.0,,,63.67,5.7184,,15.68,2021-04-13
2021-04-14,15.86,15.88,15.84,14.44,15.86,2655.0,,,66.58,5.6535,,15.99,2021-04-14
2021-04-15,16.38,16.31,16.22,14.66,16.38,2701.0,,,66.94,5.6164,,16.33,2021-04-15
2021-04-16,16.72,16.57,16.43,14.72,16.72,2710.0,2.8926,352.5,66.77,5.5881,108.77,16.52,2021-04-16
2021-04-19,16.29,16.21,16.16,14.69,16.29,2737.0,,,67.05,5.5488,,16.36,2021-04-19
2021-04-20,16.77,16.72,16.58,14.83,16.77,2753.0,,,66.57,5.5674,,16.69,2021-04-20
2021-04-21,16.94,16.89,16.72,14.97,16.94,,,,65.32,,,16.81,2021-04-21
2021-04-22,16.92,16.88,16.76,15.01,16.92,2759.5,,,65.4,5.4468,,16.87,2021-04-22
2021-04-23,16.91,16.88,16.8,15.08,16.91,2747.0,3.0125,347.5,66.11,5.4759,161.94,16.9,2021-04-23
2021-04-26,17.17,17.09,17.03,15.25,17.17,2743.0,,,65.65,5.4369,,17.09,2021-04-26
2021-04-27,17.94,17.75,17.63,15.42,17.94,2719.0,,,66.42,5.4524,,17.54,2021-04-27
2021-04-28,17.3,17.14,17.06,15.21,17.3,2714.0,,,67.27,5.3448,,17.07,2021-04-28
2021-04-29,17.08,16.93,16.85,15.19,17.08,2718.5,,,68.56,5.3396,,16.86,2021-04-29
2021-04-30,17.44,16.98,16.86,15.21,17.44,2732.0,3.0237,370.0,67.25,5.4376,146.95,16.81,2021-04-30
2021-05-03,15.91,16.73,16.68,15.24,16.73,2803.0,,,67.56,5.4427,,16.72,2021-05-03
2021-05-04,16.17,17.12,17.07,15.25,17.12,2893.5,,,68.88,5.4435,,17.08,2021-05-04
2021-05-05,16.51,17.53,17.48,15.51,17.53,3005.0,,,68.96,5.3555,,17.43,2021-05-05
2021-05-06,16.68,17.55,17.58,15.7,17.55,3070.0,,,68.09,5.2782,,17.56,2021-05-06
2021-05-07,16.67,17.49,17.56,15.77,17.49,3102.0,3.3085,380.0,68.28,5.2375,207.05,17.56,2021-05-07
2021-05-10,16.69,17.49,17.55,15.89,17.49,3127.5,,,68.32,5.2278,,17.55,2021-05-10
2021-05-11,16.98,18.1,18.09,16.0,18.1,3127.5,,,68.55,5.2207,,17.97,2021-05-11
2021-05-12,16.84,17.84,17.9,15.87,17.84,3117.5,,,69.32,5.3065,,17.81,2021-05-12
2021-05-13,16.37,17.11,17.23,15.61,17.11,3091.0,,,67.05,5.3098,,17.21,2021-05-13
2021-05-14,16.27,16.96,17.06,15.51,16.96,3065.0,3.4935,392.5,68.71,5.2734,191.8,17.09,2021-05-14
2021-05-17,16.37,16.99,17.12,15.62,16.99,3041.5,,,69.46,5.2742,,17.19,2021-05-17
2021-05-18,16.56,17.21,17.36,15.78,17.21,2981.5,,,68.71,5.2613,,17.41,2021-05-18
2021-05-19,16.3,16.95,17.1,15.67,16.95,2995.5,,,66.66,5.3106,,17.17,2021-05-19
2021-05-20,16.36,17.04,17.17,15.74,17.04,2949.5,,,65.11,5.2846,,17.23,2021-05-20
2021-05-21,16.03,16.67,16.84,15.4,16.67,2930.5,3.412,415.0,66.44,5.3668,230.39,16.91,2021-05-21
2021-05-24,16.16,16.83,16.98,15.48,16.83,2894.0,,,68.46,5.3183,,17.04,2021-05-24
2021-05-25,16.34,17.04,17.18,15.6,17.04,2903.0,,,68.65,5.3315,,17.24,2021-05-25
2021-05-26,16.2,16.78,16.93,15.45,16.78,2915.5,,,68.87,5.312,,17.06,2021-05-26
2021-05-27,16.48,17.12,17.22,15.69,17.12,2953.0,,,69.46,5.2392,,17.35,2021-05-27
2021-05-28,16.56,17.36,17.39,15.58,17.36,3010.0,3.4079,426.5,69.63,5.2257,231.73,17.49,2021-05-28
2021-05-31,,,,,,3014.0,,,69.32,5.2188,,,2021-05-31
2021-06-01,16.91,17.69,17.71,15.9,17.69,3081.5,,,70.25,5.1518,,17.84,2021-06-01
2021-06-02,16.94,17.68,17.73,15.92,17.68,3078.5,,,71.35,5.0764,,17.87,2021-06-02
2021-06-03,16.71,17.43,17.48,15.63,17.43,,,,71.31,,,17.64,2021-06-03
2021-06-04,16.94,17.71,17.77,15.88,17.71,3078.5,3.4379,430.0,71.89,5.0494,252.82,17.9,2021-06-04
2021-06-07,16.74,17.38,17.47,15.73,17.38,3085.0,,,71.49,5.0459,,17.64,2021-06-07
2021-06-08,17.03,17.71,17.75,16.04,17.71,3073.0,,,72.22,5.0342,,17.93,2021-06-08
2021-06-09,17.02,17.73,17.75,16.0,17.73,3069.0,,,72.22,5.0624,,17.92,2021-06-09
2021-06-10,17.04,17.66,17.73,16.19,17.66,3058.5,,,72.52,5.0563,,17.94,2021-06-10
2021-06-11,17.03,17.54,17.67,16.19,17.54,3045.5,3.4448,467.5,72.69,5.1181,276.15,17.89,2021-06-11
2021-06-14,16.76,17.29,17.39,15.98,17.29,3010.0,,,72.86,5.062,,17.61,2021-06-14
2021-06-15,16.58,17.05,17.2,15.8,17.05,2966.5,,,73.99,5.0457,,17.43,2021-06-15
2021-06-16,16.66,17.04,17.2,15.93,17.04,2947.5,,,74.39,5.0549,,17.48,2021-06-16
2021-06-17,16.2,16.55,16.71,15.56,16.55,2868.5,,,73.08,5.0082,,16.99,2021-06-17
2021-06-18,16.17,16.43,16.66,15.55,16.43,2868.0,3.3691,495.0,73.51,5.0903,284.47,16.95,2021-06-18
2021-06-21,16.53,16.78,17.07,15.88,16.78,2866.5,,,74.9,5.0152,,17.36,2021-06-21
2021-06-22,16.21,16.43,16.74,15.61,16.43,2871.0,,,74.81,4.9596,,17.03,2021-06-22
2021-06-23,16.46,16.69,17.01,15.77,16.69,2866.5,,,75.19,4.967,,17.29,2021-06-23
2021-06-24,16.65,16.93,17.24,15.9,16.93,2870.5,,,75.56,4.9146,,17.5,2021-06-24
2021-06-25,16.76,16.9,17.31,16.02,16.9,2872.0,3.2538,495.0,76.18,4.9343,321.3,17.59,2021-06-25
2021-06-28,17.03,17.23,17.61,16.17,17.23,2874.5,,,74.68,4.9266,,17.87,2021-06-28
2021-06-29,16.98,17.23,17.54,16.12,17.23,2877.0,,,74.76,4.9565,,17.8,2021-06-29
2021-06-30,17.21,17.63,17.89,16.25,17.63,2875.5,,,75.13,4.9696,,18.08,2021-06-30
2021-07-01,17.21,16.47,17.94,16.2,17.94,2875.0,,,75.84,5.049,,18.11,2021-07-01
2021-07-02,17.49,16.71,18.15,16.35,18.15,2880.5,3.2467,502.5,76.17,5.0597,583.88,18.37,2021-07-02
2021-07-05,,,,,,2932.5,,,77.16,5.0951,,,2021-07-05
2021-07-06,17.36,16.63,17.87,16.25,17.87,2960.0,,,74.53,5.1994,,18.2,2021-07-06
2021-07-07,17.18,16.43,17.75,16.12,17.75,2979.5,,,73.43,5.2325,,18.02,2021-07-07
2021-07-08,16.96,16.27,17.45,16.02,17.45,2983.0,3.3373,,74.12,5.2604,,17.78,2021-07-08
2021-07-09,16.93,16.33,17.28,16.21,17.28,,,507.5,75.55,,583.88,17.66,2021-07-09
2021-07-12,16.71,16.15,16.99,16.07,16.99,3005.5,,,75.16,5.1742,,17.42,2021-07-12
2021-07-13,16.78,16.22,17.08,16.13,17.08,3017.0,,,76.49,5.1634,,17.49,2021-07-13
2021-07-14,16.64,16.08,16.93,15.99,16.93,3019.0,,,74.76,5.0714,,17.36,2021-07-14
2021-07-15,16.95,16.3,17.33,16.14,17.33,3035.0,,,73.47,5.1119,,17.72,2021-07-15
2021-07-16,17.28,16.58,17.71,16.35,17.71,3034.0,3.3848,512.5,73.59,5.1152,583.88,18.1,2021-07-16
2021-07-19,16.75,16.11,17.07,15.96,17.07,3019.5,,,68.62,5.2517,,17.52,2021-07-19
2021-07-20,17.05,16.36,17.41,16.13,17.41,3002.0,,,69.35,5.2216,,17.86,2021-07-20
2021-07-21,17.26,16.53,17.67,16.25,17.67,2989.0,,,72.23,5.1881,,18.09,2021-07-21
2021-07-22,17.26,16.54,17.62,16.25,17.62,2959.5,,,73.79,5.2017,,18.08,2021-07-22
2021-07-23,17.72,16.95,18.17,16.53,18.17,2954.0,3.3988,505.0,74.1,5.2,583.88,18.59,2021-07-23
2021-07-26,17.89,17.05,18.42,16.58,18.42,2975.5,,,74.5,5.1765,,18.81,2021-07-26
2021-07-27,17.8,16.94,18.35,16.47,18.35,3017.0,,,74.48,5.1709,,18.77,2021-07-27
2021-07-28,17.97,17.08,18.61,16.62,18.61,3024.0,,,74.74,5.1168,,19.02,2021-07-28
2021-07-29,17.76,16.94,18.3,16.58,18.3,,,,76.05,5.0811,,18.8,2021-07-29
2021-07-30,17.47,16.69,17.91,16.37,17.91,3049.0,3.4281,495.0,76.33,5.2119,583.88,18.43,2021-07-30
2021-08-02,17.62,16.88,17.95,16.55,17.95,3062.0,,,72.89,5.1743,,18.5,2021-08-02
2021-08-03,17.7,16.95,17.98,16.54,17.98,3073.5,,,72.41,5.1974,,18.55,2021-08-03
2021-08-04,17.71,16.98,17.93,16.6,17.93,3086.0,,,70.38,5.1689,,18.53,2021-08-04
2021-08-05,18.28,17.45,18.62,16.95,18.62,3117.0,,,71.29,5.2493,,19.18,2021-08-05
2021-08-06,18.31,17.45,18.68,16.91,18.68,3164.0,3.4655,491.5,70.7,5.2314,583.88,19.23,2021-08-06
2021-08-09,18.11,17.25,18.47,16.73,18.47,3189.5,,,69.04,5.2343,,19.01,2021-08-09
2021-08-10,18.89,17.86,19.59,17.08,19.59,3195.5,,,70.63,5.1901,,19.94,2021-08-10
2021-08-11,18.95,17.94,19.47,17.2,19.47,3214.0,,,71.44,5.2227,,19.96,2021-08-11
2021-08-12,19.15,18.12,19.54,17.36,19.54,3217.5,,,71.31,5.2534,,20.11,2021-08-12
2021-08-13,19.46,18.32,19.95,17.54,19.95,3216.5,3.5733,482.5,70.59,5.2477,583.88,20.52,2021-08-13
2021-08-16,19.51,18.31,20.03,17.66,20.03,3232.5,,,69.51,5.2606,,20.63,2021-08-16
2021-08-17,19.57,18.39,20.02,17.73,20.02,3228.5,,,69.03,5.2938,,20.63,2021-08-17
2021-08-18,19.73,18.58,20.17,17.97,20.17,3225.5,,,68.23,5.3894,,20.78,2021-08-18
2021-08-19,19.45,18.39,19.79,17.86,19.79,3222.0,,,66.45,5.4149,,20.41,2021-08-19
2021-08-20,19.33,18.29,19.58,17.7,19.58,3220.0,3.7583,475.0,65.18,5.3802,583.88,20.25,2021-08-20
2021-08-23,19.4,18.35,19.58,17.86,19.58,3215.0,,,68.75,5.3805,,20.29,2021-08-23
2021-08-24,19.44,18.46,19.58,17.99,19.58,3225.5,,,71.05,5.2477,,20.31,2021-08-24
2021-08-25,19.58,18.61,19.73,18.16,19.73,3253.0,,,72.25,5.2143,,20.46,2021-08-25
2021-08-26,19.52,18.6,19.68,18.18,19.68,3264.0,,,71.07,5.2572,,20.34,2021-08-26
2021-08-27,19.86,18.92,20.04,18.44,20.04,3275.0,3.7849,479.0,72.7,5.2038,583.88,20.68,2021-08-27
2021-08-30,20.01,19.07,20.22,18.54,20.22,3291.5,,,73.41,5.1851,,20.85,2021-08-30
2021-08-31,19.82,18.98,19.84,18.53,19.84,3282.0,,,72.99,5.1529,,20.55,2021-08-31
2021-09-01,19.77,18.97,19.67,18.5,19.67,3296.5,,,71.59,5.1863,,20.44,2021-09-01
2021-09-02,19.97,19.23,19.9,18.88,19.9,3292.5,,,73.03,5.1845,,20.62,2021-09-02
2021-09-03,19.72,19.03,19.62,18.75,19.62,3297.0,3.8188,470.0,72.61,5.1928,583.88,20.32,2021-09-03
2021-09-06,,,,,,3305.5,,,72.22,5.1699,,,2021-09-06
2021-09-07,19.58,18.92,19.48,18.69,19.48,,,,71.69,,,20.15,2021-09-07
2021-09-08,19.54,18.9,19.49,18.66,19.49,3304.5,,,72.6,5.3203,,20.08,2021-09-08
2021-09-09,19.43,18.87,19.24,18.66,19.24,3303.5,,,71.45,5.207,,19.92,2021-09-09
2021-09-10,19.08,18.56,18.79,18.4,18.79,3303.0,3.8251,496.5,72.92,5.2469,583.88,19.51,2021-09-10
2021-09-13,19.26,18.75,18.98,18.6,18.98,3317.5,,,73.51,5.2158,,19.69,2021-09-13
2021-09-14,19.23,18.7,18.96,18.4,18.96,3316.5,,,73.6,5.2425,,19.66,2021-09-14
2021-09-15,19.73,19.07,19.52,18.64,19.52,3339.5,,,75.46,5.2224,,20.26,2021-09-15
2021-09-16,19.59,18.96,19.49,18.53,19.49,3335.0,,,75.67,5.2565,,20.13,2021-09-16
2021-09-17,19.29,18.62,19.18,18.25,19.18,3350.5,3.8026,522.5,75.34,5.2895,583.88,19.86,2021-09-17
2021-09-20,19.05,18.4,18.86,18.01,18.86,3351.0,,,73.92,5.3253,,19.59,2021-09-20
2021-09-21,19.24,18.59,18.97,18.18,18.97,3350.5,,,74.36,5.2733,,19.75,2021-09-21
2021-09-22,19.52,18.84,19.33,18.38,19.33,3346.0,,,76.19,5.2897,,20.07,2021-09-22
2021-09-23,19.73,19.04,19.49,18.57,19.49,3362.5,,,77.25,5.3038,,20.29,2021-09-23
2021-09-24,19.36,18.69,19.1,18.26,19.1,3355.0,3.822,640.0,78.09,5.3345,583.88,19.93,2021-09-24
2021-09-27,19.18,18.57,18.73,18.14,18.73,3352.5,,,79.53,5.3911,,19.68,2021-09-27
2021-09-28,19.3,18.64,18.98,18.13,18.98,3368.5,,,79.09,5.4295,,19.84,2021-09-28
2021-09-29,19.23,18.62,18.94,18.19,18.94,3386.5,,,78.64,5.4149,,19.72,2021-09-29
2021-09-30,19.76,19.07,19.83,18.44,19.83,3365.5,,,78.52,5.4429,,20.34,2021-09-30
2021-10-01,19.53,18.91,18.55,18.38,20.06,3367.0,3.8105,632.5,79.28,5.3643,549.01,20.06,2021-10-01
2021-10-04,19.22,18.65,18.3,18.14,19.69,3383.0,,,81.26,5.4549,,19.69,2021-10-04
2021-10-05,19.39,18.83,18.48,18.31,19.85,3395.5,,,82.56,5.4761,,19.85,2021-10-05
2021-10-06,19.34,18.83,18.47,18.27,19.77,3417.0,,,81.08,5.4923,,19.77,2021-10-06
2021-10-07,19.4,18.94,18.58,18.35,19.84,3419.0,,,81.95,5.5188,,19.84,2021-10-07
2021-10-08,19.81,19.31,18.93,18.69,20.29,3430.0,3.8432,762.5,82.39,5.5085,452.28,20.29,2021-10-08
2021-10-11,19.85,19.35,18.99,18.77,20.33,3431.5,,,83.65,5.5391,,20.33,2021-10-11
2021-10-12,19.62,19.15,18.83,18.65,20.07,,,,83.42,,,20.07,2021-10-12
2021-10-13,19.43,18.99,18.71,18.56,19.86,3463.0,,,83.18,5.5154,,19.86,2021-10-13
2021-10-14,19.25,18.88,18.62,18.49,19.59,3487.0,,,84.0,5.5134,,19.59,2021-10-14
2021-10-15,19.46,19.14,18.87,18.73,19.8,3516.5,3.9393,815.0,84.86,5.4616,209.43,19.8,2021-10-15
2021-10-18,19.14,18.94,18.73,18.64,19.35,3540.0,,,84.33,5.5122,,19.35,2021-10-18
2021-10-19,18.69,18.55,18.4,18.35,18.87,3574.5,,,85.08,5.5846,,18.87,2021-10-19
2021-10-20,18.73,18.52,18.34,18.27,18.97,3625.5,,,85.82,5.5982,,18.97,2021-10-20
2021-10-21,18.63,18.39,18.2,18.14,18.94,3661.5,,,84.61,5.659,,18.94,2021-10-21
2021-10-22,18.74,18.45,18.24,18.15,19.08,3693.5,4.0652,815.0,85.53,5.65,177.38,19.08,2021-10-22
2021-10-25,18.99,18.7,18.48,18.4,19.39,3814.0,,,85.99,5.556,,19.39,2021-10-25
2021-10-26,19.26,18.93,18.66,18.53,19.66,3881.0,,,86.4,5.5661,,19.66,2021-10-26
2021-10-27,19.31,19.0,18.76,18.64,19.7,3924.0,,,84.58,5.5392,,19.7,2021-10-27
2021-10-28,19.26,18.96,18.7,18.58,19.62,3920.5,,,84.32,5.6458,,19.62,2021-10-28
2021-10-29,18.95,18.68,18.46,18.39,19.27,3947.0,4.3353,817.5,84.38,5.6364,161.22,19.27,2021-10-29
2021-11-01,19.09,18.8,18.55,18.46,19.37,3953.5,,,84.71,5.6863,,19.37,2021-11-01
2021-11-02,19.29,19.0,18.77,18.7,19.54,,,,84.72,,,19.54,2021-11-02
2021-11-03,19.16,18.9,18.67,18.58,19.38,3959.5,,,81.99,5.5533,,19.38,2021-11-03
2021-11-04,19.39,19.11,18.85,18.73,19.63,3937.5,,,80.54,5.6035,,19.63,2021-11-04
2021-11-05,19.64,19.29,19.0,18.88,19.94,3935.5,4.5353,837.5,82.74,5.5423,101.07,19.94,2021-11-05
2021-11-08,19.63,19.29,19.04,18.92,19.92,3911.5,,,83.43,5.5423,,19.92,2021-11-08
2021-11-09,19.6,19.23,18.97,18.83,19.9,3901.5,,,84.78,5.4857,,19.9,2021-11-09
2021-11-10,19.38,19.04,18.79,18.66,19.6,3900.0,,,82.64,5.4978,,19.6,2021-11-10
2021-11-11,19.87,19.48,19.19,19.0,20.12,3879.0,,,82.87,5.4046,,20.12,2021-11-11
2021-11-12,19.78,19.41,19.13,18.94,20.01,3861.5,4.4299,885.0,82.17,5.4564,107.09,20.01,2021-11-12
2021-11-15,19.53,19.17,18.93,18.78,19.74,,,,82.05,,,19.74,2021-11-15
2021-11-16,19.72,19.32,19.05,18.88,19.99,3845.5,,,82.43,5.4976,,19.99,2021-11-16
2021-11-17,20.08,19.61,19.26,19.05,20.42,3809.5,,,80.28,5.5242,,20.42,2021-11-17
2021-11-18,19.89,19.48,19.16,18.97,20.18,3778.0,,,81.24,5.566,,20.18,2021-11-18
2021-11-19,19.73,19.38,19.09,18.91,19.99,3715.5,4.3723,875.0,78.89,5.6102,74.13,19.99,2021-11-19
2021-11-22,19.48,19.15,18.89,18.74,19.76,3683.0,,,79.7,5.5964,,19.76,2021-11-22
2021-11-23,19.77,19.38,19.07,18.88,20.11,3609.5,,,82.31,5.5908,,20.11,2021-11-23
2021-11-24,19.59,19.23,18.97,18.8,19.93,3603.5,,,82.25,5.6015,,19.93,2021-11-24
2021-11-25,,,,,,3588.5,,,82.22,5.5632,,,2021-11-25
2021-11-26,18.94,18.6,18.38,18.22,19.35,3586.5,4.1122,915.0,72.72,5.6032,94.1,19.35,2021-11-26
2021-11-29,18.8,18.47,18.26,18.12,19.19,3589.5,,,73.44,5.6081,,19.19,2021-11-29
2021-11-30,18.28,18.04,17.92,17.86,18.6,3568.5,,,70.57,5.6237,,18.6,2021-11-30
2021-12-01,18.27,18.03,17.92,17.89,18.6,3551.5,,,68.87,5.6808,,18.6,2021-12-01
2021-12-02,18.21,17.91,17.72,17.68,18.62,3527.0,,,69.67,5.6393,,18.62,2021-12-02
2021-12-03,18.34,18.02,17.85,17.79,18.75,3424.5,4.0002,885.0,69.88,5.6527,50.79,18.75,2021-12-03
2021-12-06,18.69,18.3,18.08,17.98,19.16,3385.5,,,73.08,5.686,,19.16,2021-12-06
2021-12-07,19.05,18.6,18.36,18.26,19.48,3374.0,,,75.44,5.6097,,19.48,2021-12-07
2021-12-08,19.41,18.93,18.66,18.52,19.82,3358.0,,,75.82,5.5301,,19.82,2021-12-08
2021-12-09,19.29,18.82,18.57,18.41,19.69,3385.5,,,74.42,5.5802,,19.69,2021-12-09
2021-12-10,19.32,18.89,18.68,18.56,19.71,3470.0,3.8388,860.0,75.15,5.609,59.15,19.71,2021-12-10
2021-12-13,19.25,18.85,18.66,18.55,19.64,3440.5,,,74.39,5.676,,19.64,2021-12-13
2021-12-14,19.25,18.91,18.75,18.65,19.65,3434.5,,,73.7,5.6895,,19.65,2021-12-14
2021-12-15,18.93,18.67,18.56,18.51,19.29,3432.5,,,73.88,5.6853,,19.29,2021-12-15
2021-12-16,19.04,18.76,18.65,18.58,19.4,3425.0,,,75.02,5.6873,,19.4,2021-12-16
2021-12-17,18.72,18.4,18.28,18.24,19.11,3407.0,3.8767,842.5,73.52,5.6859,82.26,19.11,2021-12-17
2021-12-20,18.25,18.0,17.93,17.92,18.59,3403.5,,,71.52,5.7378,,18.59,2021-12-20
2021-12-21,18.37,18.1,18.03,18.01,18.74,3408.0,,,73.98,5.7449,,18.74,2021-12-21
2021-12-22,18.82,18.48,18.37,18.3,19.26,3408.5,,,75.29,5.6603,,19.26,2021-12-22
2021-12-23,18.87,18.59,18.49,18.43,19.24,3411.0,3.8309,,76.85,5.6772,,19.24,2021-12-23
2021-12-24,,,,,,,,,76.14,,66.34,,2021-12-24
2021-12-27,18.89,18.63,18.54,18.49,19.21,3407.0,,,78.6,5.6316,,19.21,2021-12-27
2021-12-28,18.66,18.41,18.34,18.32,18.96,3408.0,,,78.94,5.6275,,18.96,2021-12-28
2021-12-29,18.81,18.56,18.49,18.46,19.1,3394.0,,,79.23,5.6932,,19.1,2021-12-29
2021-12-30,18.49,18.26,18.22,18.26,18.78,3396.0,3.8412,,79.32,5.5697,,18.78,2021-12-30
2021-12-31,18.6,18.39,18.36,18.43,18.88,,,,77.78,5.5758,65.5,18.88,2021-12-31
2022-01-03,18.5,18.34,18.33,18.4,18.74,3413.5,,,78.98,5.6751,,18.74,2022-01-03
2022-01-04,18.47,18.32,18.35,18.46,18.75,3418.5,,,80.0,5.6852,,18.75,2022-01-04
2022-01-05,18.1,17.99,18.07,18.2,18.34,3416.5,,,80.8,5.7161,,18.34,2022-01-05
2022-01-06,17.92,17.78,17.86,18.03,18.19,3411.0,,,81.99,5.6856,,18.19,2022-01-06
2022-01-07,17.8,17.69,17.75,17.93,18.05,3412.0,3.836,827.5,81.75,5.6342,69.7,18.05,2022-01-07
2022-01-10,17.59,17.51,17.56,17.73,17.83,3406.5,,,80.87,5.6701,,17.83,2022-01-10
2022-01-11,17.83,17.66,17.63,17.77,18.11,3412.5,,,83.72,5.573,,18.11,2022-01-11
2022-01-12,18.08,17.9,17.8,17.92,18.34,3410.0,,,84.67,5.5203,,18.34,2022-01-12
2022-01-13,17.87,17.71,17.65,17.83,18.09,3404.0,,,84.47,5.5289,,18.09,2022-01-13
2022-01-14,18.08,17.91,17.86,18.0,18.31,3394.5,3.8296,790.0,86.06,5.528,57.09,18.31,2022-01-14
2022-01-17,,,,,,3391.5,,,86.48,5.523,,,2022-01-17
2022-01-18,18.42,18.2,18.11,18.2,18.66,3371.0,,,87.51,5.5681,,18.66,2022-01-18
2022-01-19,18.78,18.51,18.39,18.45,19.07,3365.5,,,88.44,5.4461,,19.07,2022-01-19
2022-01-20,18.67,18.43,18.36,18.44,18.93,3311.0,,,88.38,5.4372,,18.93,2022-01-20
2022-01-21,18.6,18.37,18.33,18.45,18.9,3295.0,3.8282,660.0,87.89,5.4515,62.1,18.9,2022-01-21
2022-01-24,18.49,18.28,18.25,18.36,18.81,3256.5,,,86.27,5.4909,,18.81,2022-01-24
2022-01-25,18.41,18.22,18.24,18.43,18.78,3234.0,,,88.2,5.4412,,18.78,2022-01-25
2022-01-26,18.19,18.03,18.09,18.33,18.49,3230.0,,,89.96,5.4423,,18.49,2022-01-26
2022-01-27,18.08,17.95,18.02,18.3,18.41,3184.0,,,89.34,5.4105,,18.41,2022-01-27
2022-01-28,17.86,17.76,17.84,18.12,18.2,3131.0,3.7347,570.0,90.03,5.3818,65.82,18.2,2022-01-28
2022-01-31,17.8,17.6,17.66,17.96,18.22,3117.0,,,91.21,5.3102,,18.22,2022-01-31
2022-02-01,18.03,17.77,17.81,18.08,18.48,3053.5,,,89.16,5.2689,,18.48,2022-02-01
2022-02-02,17.61,17.46,17.55,17.83,17.93,2958.5,,,89.47,5.2656,,17.93,2022-02-02
2022-02-03,17.7,17.55,17.64,17.92,17.99,2901.5,,,91.11,5.2874,,17.99,2022-02-03
2022-02-04,17.79,17.59,17.65,17.88,18.23,2859.0,3.4871,595.0,93.27,5.3259,55.7,18.23,2022-02-04
2022-02-07,17.7,17.57,17.68,18.01,18.05,2854.5,,,92.69,5.2556,,18.05,2022-02-07
2022-02-08,17.72,17.56,17.65,17.97,18.08,2885.0,,,90.78,5.2586,,18.08,2022-02-08
2022-02-09,17.98,17.8,17.88,18.18,18.48,2926.0,,,91.55,5.2347,,18.48,2022-02-09
2022-02-10,17.89,17.78,17.9,18.22,18.3,2938.5,,,91.41,5.2497,,18.3,2022-02-10
2022-02-11,17.81,17.73,17.88,18.22,18.26,2930.5,3.2064,615.0,94.44,5.249,55.7,18.26,2022-02-11
2022-02-14,17.66,17.58,17.76,18.1,18.12,2958.5,,,96.48,5.2189,,18.12,2022-02-14
2022-02-15,17.57,17.49,17.67,18.02,18.07,2971.5,,,93.28,5.1692,,18.07,2022-02-15
2022-02-16,17.56,17.47,17.66,18.01,18.07,2971.0,,,94.81,5.1293,,18.07,2022-02-16
2022-02-17,17.74,17.64,17.82,18.19,18.28,2972.0,,,92.97,5.1697,,18.28,2022-02-17
2022-02-18,17.62,17.52,17.7,18.08,18.2,2944.0,3.1752,552.5,93.54,5.1388,55.7,18.2,2022-02-18
2022-02-21,,,,,,2930.0,,,95.39,5.1064,,,2022-02-21
2022-02-22,17.89,17.71,17.84,18.19,18.48,2923.5,,,96.84,5.0598,,18.48,2022-02-22
2022-02-23,17.88,17.69,17.82,18.15,18.53,2920.0,,,96.84,5.0065,,18.53,2022-02-23
2022-02-24,17.91,17.75,17.88,18.16,18.32,2951.5,,,99.08,5.1184,,18.32,2022-02-24
2022-02-25,17.6,17.48,17.64,17.98,17.99,2954.0,3.2027,567.5,97.93,5.1522,55.7,17.99,2022-02-25
2022-02-28,17.7,17.51,17.6,17.91,18.0,,,,100.99,,,18.0,2022-02-28
2022-03-01,18.34,18.12,18.17,17.09,18.34,,,,104.97,,,18.43,2022-03-01
2022-03-02,18.64,18.48,18.5,17.16,18.64,2954.5,,,112.93,5.102,,18.69,2022-03-02
2022-03-03,18.93,18.72,18.72,17.25,18.93,2971.5,,,110.46,5.0273,,18.85,2022-03-03
2022-03-04,19.35,19.09,19.08,17.31,19.35,3027.0,3.2217,567.5,118.11,5.0648,55.7,19.15,2022-03-04
2022-03-07,19.27,19.14,19.19,17.47,19.27,3083.0,,,123.21,5.0976,,19.32,2022-03-07
2022-03-08,19.43,19.31,19.35,17.43,19.43,3153.5,,,127.98,5.0643,,19.47,2022-03-08
2022-03-09,18.94,18.92,19.07,17.51,18.94,3232.0,,,111.14,5.0117,,19.29,2022-03-09
2022-03-10,19.1,19.06,19.16,17.45,19.1,3362.0,,,109.33,5.0188,,19.36,2022-03-10
2022-03-11,19.24,19.19,19.25,17.45,19.24,3396.5,3.3452,900.0,112.67,5.075,55.7,19.45,2022-03-11
2022-03-14,19.13,19.1,19.19,17.47,19.13,3432.0,,,106.9,5.1195,,19.4,2022-03-14
2022-03-15,18.73,18.68,18.81,17.33,18.73,3429.5,,,99.91,5.1637,,19.07,2022-03-15
2022-03-16,18.56,18.47,18.55,17.18,18.56,3355.5,,,98.02,5.0781,,18.8,2022-03-16
2022-03-17,18.69,18.61,18.68,17.14,18.69,3354.0,,,106.64,5.0393,,18.9,2022-03-17
2022-03-18,18.93,18.81,18.84,17.31,18.93,3351.0,3.6256,1025.0,107.93,5.0233,55.7,19.02,2022-03-18
2022-03-21,19.28,19.16,19.18,17.43,19.28,3337.0,,,115.62,4.936,,19.34,2022-03-21
2022-03-22,19.15,19.1,19.17,17.54,19.15,3337.0,,,115.48,4.9103,,19.36,2022-03-22
2022-03-23,19.24,19.18,19.24,17.54,19.24,3342.5,,,121.6,4.8267,,19.41,2022-03-23
2022-03-24,19.26,19.19,19.25,17.57,19.26,3372.5,,,119.03,4.8268,,19.4,2022-03-24
2022-03-25,19.61,19.46,19.48,17.84,19.61,3435.5,3.7647,1050.0,120.65,4.7429,55.7,19.61,2022-03-25
2022-03-28,19.59,19.48,19.53,18.03,19.59,3483.0,,,112.48,4.7657,,19.67,2022-03-28
2022-03-29,19.11,19.01,19.1,17.76,19.11,3500.0,,,110.23,4.7578,,19.26,2022-03-29
2022-03-30,19.47,19.36,19.4,17.93,19.47,3495.0,,,113.45,4.7715,,19.53,2022-03-30
2022-03-31,19.49,19.32,19.34,17.89,19.49,3480.0,,,107.91,4.7417,,19.46,2022-03-31
2022-04-01,19.37,19.19,19.24,17.87,19.37,3473.0,3.8288,1025.0,104.39,4.6592,55.7,19.39,2022-04-01
2022-04-04,19.61,19.42,19.47,18.01,19.61,3487.5,,,107.53,4.5928,,19.61,2022-04-04
2022-04-05,19.65,19.5,19.55,18.05,19.65,3523.5,,,106.64,4.6517,,19.69,2022-04-05
2022-04-06,19.59,19.44,19.5,18.15,19.59,3611.5,,,101.07,4.716,,19.68,2022-04-06
2022-04-07,19.84,19.7,19.74,18.23,19.84,3722.0,,,100.58,4.7536,,19.89,2022-04-07
2022-04-08,20.41,20.27,20.23,18.44,20.41,3815.0,3.9774,975.0,102.78,4.6988,55.7,20.35,2022-04-08
2022-04-11,20.31,20.2,20.25,18.51,20.31,3906.0,,,98.48,4.6967,,20.38,2022-04-11
2022-04-12,20.22,20.18,20.28,18.69,20.22,3917.0,,,104.64,4.675,,20.47,2022-04-12
2022-04-13,20.1,20.1,20.19,18.5,20.1,3994.5,,,108.78,4.691,,20.4,2022-04-13
2022-04-14,20.06,20.03,20.14,18.47,20.06,3994.0,4.0838,,111.7,4.7014,,20.36,2022-04-14
2022-04-15,,,,,,,,905.0,,,55.7,,2022-04-15
2022-04-18,20.26,20.2,20.31,18.5,20.26,3977.5,,,113.16,4.6531,,20.51,2022-04-18
2022-04-19,19.74,19.67,19.8,18.34,19.74,3939.0,,,107.25,4.6681,,20.06,2022-04-19
2022-04-20,19.62,19.55,19.68,18.25,19.62,3910.0,,,106.8,4.6221,,19.96,2022-04-20
2022-04-21,19.87,19.81,19.93,18.47,19.87,,,,108.33,,,20.19,2022-04-21
2022-04-22,19.24,19.21,19.34,18.09,19.24,3880.5,4.2295,850.0,106.65,4.7961,55.7,19.63,2022-04-22
2022-04-25,18.95,18.88,19.0,17.9,18.95,3788.5,,,102.32,4.877,,19.29,2022-04-25
2022-04-26,18.99,18.93,19.02,17.94,18.99,3673.0,,,104.99,4.9981,,19.3,2022-04-26
2022-04-27,19.02,18.9,18.98,17.79,19.02,3558.5,,,105.32,4.9665,,19.25,2022-04-27
2022-04-28,19.42,19.23,19.29,17.99,19.42,3495.0,,,107.59,4.9418,,19.52,2022-04-28
2022-04-29,19.35,19.15,19.25,18.15,19.35,3458.0,4.0663,857.5,109.34,4.9721,55.7,19.5,2022-04-29
2022-05-02,18.63,18.85,18.99,18.11,18.85,3440.0,,,107.58,5.085,,19.29,2022-05-02
2022-05-03,18.49,18.62,18.78,18.07,18.62,3417.0,,,104.97,4.961,,19.1,2022-05-03
2022-05-04,18.5,18.62,18.78,18.06,18.62,3397.0,,,110.14,4.921,,19.1,2022-05-04
2022-05-05,18.6,18.78,18.91,18.08,18.78,3399.5,,,110.9,5.0288,,19.22,2022-05-05
2022-05-06,18.8,19.16,19.26,18.13,19.16,3424.0,3.9039,830.0,112.39,5.0793,55.7,19.51,2022-05-06
2022-05-09,18.48,18.66,18.8,18.03,18.66,3458.0,,,105.94,5.1608,,19.09,2022-05-09
2022-05-10,18.37,18.54,18.66,17.96,18.54,3462.5,,,102.46,5.1339,,18.96,2022-05-10
2022-05-11,18.41,18.55,18.69,18.02,18.55,3477.5,,,107.51,5.1378,,18.98,2022-05-11
2022-05-12,18.41,18.64,18.76,17.96,18.64,3453.0,,,107.45,5.1348,,19.02,2022-05-12
2022-05-13,18.79,19.17,19.26,18.19,19.17,3447.0,3.8575,720.0,111.55,5.061,55.7,19.48,2022-05-13
2022-05-16,19.23,19.68,19.79,18.54,19.68,3449.0,,,114.24,5.0609,,19.98,2022-05-16
2022-05-17,19.48,20.0,20.08,18.75,20.0,3445.5,,,111.93,4.9387,,20.26,2022-05-17
2022-05-18,19.45,19.83,19.95,18.8,19.83,3443.5,,,109.11,4.9688,,20.18,2022-05-18
2022-05-19,19.39,19.77,19.9,18.81,19.77,3434.0,,,112.04,4.9296,,20.11,2022-05-19
2022-05-20,19.55,19.95,20.07,18.92,19.95,3418.5,3.8811,715.0,112.55,4.8801,55.7,20.27,2022-05-20
2022-05-23,19.5,19.77,19.93,18.92,19.77,3402.0,,,113.42,4.8141,,20.2,2022-05-23
2022-05-24,19.46,19.75,19.91,18.85,19.75,3373.0,,,113.56,4.8197,,20.16,2022-05-24
2022-05-25,19.38,19.68,19.84,18.8,19.68,3331.5,,,114.03,4.8264,,20.08,2022-05-25
2022-05-26,19.29,19.54,19.7,18.8,19.54,3270.0,,,117.4,4.7693,,19.97,2022-05-26
2022-05-27,19.32,19.61,19.75,18.83,19.61,3239.5,3.8406,690.0,119.43,4.7306,55.7,20.0,2022-05-27
2022-05-30,,,,,,3206.5,,,121.67,4.7544,,,2022-05-30
2022-05-31,19.23,19.4,19.57,18.76,19.4,3172.5,,,122.84,4.7336,,19.87,2022-05-31
2022-06-01,19.29,19.44,19.61,18.83,19.44,3166.5,,,116.29,4.8161,,19.93,2022-06-01
2022-06-02,19.19,19.35,19.53,18.74,19.35,3165.5,,,117.61,4.7974,,19.83,2022-06-02
2022-06-03,19.18,19.29,19.47,18.77,19.29,3176.5,3.6216,645.0,119.72,4.7739,55.7,19.79,2022-06-03
2022-06-06,19.44,19.56,19.74,19.01,19.56,3205.5,,,119.51,4.7946,,20.07,2022-06-06
2022-06-07,19.01,18.97,19.21,18.66,18.97,3206.0,,,120.57,4.8709,,19.59,2022-06-07
2022-06-08,19.0,18.98,19.23,18.77,18.98,3185.0,,,123.58,4.8989,,19.59,2022-06-08
2022-06-09,19.24,19.29,19.51,18.9,19.29,3184.5,,,123.07,4.9071,,19.86,2022-06-09
2022-06-10,18.9,18.87,19.07,18.69,18.87,3157.0,3.5738,630.0,122.01,4.9876,55.76,19.46,2022-06-10
2022-06-13,18.72,18.71,18.86,18.51,18.71,3112.5,,,122.27,5.116,,19.27,2022-06-13
2022-06-14,18.6,18.7,18.8,18.36,18.7,3095.5,,,121.17,5.1174,,19.18,2022-06-14
2022-06-15,18.39,18.46,18.57,18.24,18.46,3080.5,,,118.51,5.0552,,18.92,2022-06-15
2022-06-16,18.42,18.58,18.67,18.23,18.58,,,,119.81,,,18.97,2022-06-16
2022-06-17,18.44,18.6,18.73,18.26,18.6,3119.5,3.527,580.0,113.12,5.1538,55.7,19.02,2022-06-17
2022-06-20,,,,,,3170.5,,,114.13,5.1911,,,2022-06-20
2022-06-21,18.49,18.66,18.78,18.27,18.66,3164.0,,,114.65,5.1263,,19.08,2022-06-21
2022-06-22,18.29,18.45,18.49,18.21,18.45,3131.5,,,111.74,5.1953,,18.82,2022-06-22
2022-06-23,18.07,18.38,18.36,17.98,18.38,3114.5,,,110.05,5.24,,18.62,2022-06-23
2022-06-24,18.05,18.37,18.31,17.95,18.37,3134.5,3.5693,625.0,113.12,5.2427,55.7,18.59,2022-06-24
2022-06-27,18.02,18.3,18.26,17.99,18.3,3125.5,,,115.09,5.2384,,18.56,2022-06-27
2022-06-28,18.16,18.53,18.5,17.97,18.53,3096.0,,,117.98,5.2687,,18.76,2022-06-28
2022-06-29,18.18,18.55,18.51,17.94,18.55,3043.5,,,116.26,5.182,,18.78,2022-06-29
2022-06-30,18.21,18.83,18.5,18.03,18.83,3001.5,,,114.81,5.2568,,18.77,2022-06-30
2022-07-01,17.86,17.61,18.07,17.71,18.07,2979.0,3.5232,665.0,111.63,5.3319,55.7,18.36,2022-07-01
2022-07-04,,,,,,2952.5,,,113.5,5.3283,,,2022-07-04
2022-07-05,17.56,17.32,17.8,17.47,17.8,2951.5,,,102.77,5.3878,,18.07,2022-07-05
2022-07-06,17.64,17.35,17.99,17.52,17.99,2974.5,,,100.69,5.4275,,18.24,2022-07-06
2022-07-07,18.02,17.7,18.52,17.8,18.52,3031.0,,,104.65,5.3421,,18.67,2022-07-07
2022-07-08,18.4,17.99,19.02,17.96,19.02,3055.0,3.3986,665.0,107.02,5.2555,57.17,19.14,2022-07-08
2022-07-11,18.33,17.91,18.86,17.88,18.86,3055.5,,,107.1,5.3785,,19.05,2022-07-11
2022-07-12,18.17,17.73,18.69,17.65,18.69,3043.5,,,99.49,5.4383,,18.89,2022-07-12
2022-07-13,18.49,18.0,19.14,17.82,19.14,3037.5,,,99.57,5.3927,,19.26,2022-07-13
2022-07-14,18.37,17.87,18.97,17.68,18.97,3030.5,,,99.1,5.4245,,19.12,2022-07-14
2022-07-15,18.62,18.1,19.25,17.9,19.25,3005.0,3.4951,620.0,101.16,5.4075,59.0,19.39,2022-07-15
2022-07-18,18.74,18.17,19.41,17.95,19.41,3015.0,,,106.27,5.4373,,19.53,2022-07-18
2022-07-19,18.31,17.8,18.84,17.64,18.84,3034.5,,,107.35,5.4142,,19.03,2022-07-19
2022-07-20,18.13,17.63,18.67,17.53,18.67,3014.5,,,106.92,5.4709,,18.85,2022-07-20
2022-07-21,17.84,17.39,18.35,17.37,18.35,3017.5,,,103.86,5.4985,,18.53,2022-07-21
2022-07-22,17.42,17.06,17.89,17.16,17.89,3017.0,3.5198,610.0,103.2,5.498,68.82,18.06,2022-07-22
2022-07-25,17.07,16.76,17.47,16.95,17.47,3025.0,,,105.15,5.3572,,17.66,2022-07-25
2022-07-26,17.0,16.64,17.47,16.86,17.47,3040.5,,,104.4,5.3513,,17.65,2022-07-26
2022-07-27,16.95,16.62,17.4,16.89,17.4,3044.5,,,106.62,5.2441,,17.57,2022-07-27
2022-07-28,17.17,16.79,17.72,16.99,17.72,3048.5,,,107.14,5.1826,,17.84,2022-07-28
2022-07-29,17.06,16.68,17.54,16.88,17.54,3016.5,3.4682,560.0,110.01,5.1733,71.35,17.69,2022-07-29
2022-08-01,17.09,16.69,17.6,16.89,17.6,3000.5,,,100.03,5.1866,,17.72,2022-08-01
2022-08-02,17.18,16.79,17.69,16.98,17.69,2999.0,,,100.54,5.2793,,17.8,2022-08-02
2022-08-03,17.27,16.86,17.77,17.02,17.77,2984.0,,,96.78,5.284,,17.89,2022-08-03
2022-08-04,17.1,16.71,17.55,16.91,17.55,2968.5,,,94.12,5.2133,,17.68,2022-08-04
2022-08-05,17.41,16.99,17.94,17.13,17.94,2942.5,3.3764,667.5,94.92,5.1639,110.92,18.02,2022-08-05
2022-08-08,17.47,17.09,17.96,17.28,17.96,2933.0,,,96.65,5.1129,,18.05,2022-08-08
2022-08-09,17.41,17.02,17.98,17.18,17.98,2914.0,,,96.31,5.1249,,18.02,2022-08-09
2022-08-10,17.68,17.24,18.28,17.34,18.28,2909.5,,,97.4,5.0943,,18.3,2022-08-10
2022-08-11,17.86,17.39,18.49,17.41,18.49,2886.0,,,99.6,5.1568,,18.51,2022-08-11
2022-08-12,17.94,17.44,18.6,17.42,18.6,2848.0,3.3786,670.0,98.15,5.0745,91.03,18.59,2022-08-12
2022-08-15,17.88,17.44,18.54,17.45,18.54,2788.5,,,95.1,5.097,,18.51,2022-08-15
2022-08-16,17.6,17.2,18.27,17.29,18.27,2728.5,,,92.34,5.1479,,18.25,2022-08-16
2022-08-17,17.57,17.17,18.24,17.27,18.24,2704.0,,,93.65,5.1663,,18.21,2022-08-17
2022-08-18,17.17,16.86,17.77,17.05,17.77,2648.0,,,96.59,5.169,,17.77,2022-08-18
2022-08-19,17.4,17.08,18.09,17.24,18.09,2614.5,3.1788,610.0,96.72,5.1703,69.36,18.04,2022-08-19
2022-08-22,17.32,17.02,17.94,17.21,17.94,,,,96.48,5.157,,17.92,2022-08-22
2022-08-23,17.23,16.93,17.89,17.12,17.89,2547.5,,,100.22,5.1052,,17.84,2022-08-23
2022-08-24,17.37,17.1,18.04,17.32,18.04,2493.0,,,101.22,5.1107,,17.96,2022-08-24
2022-08-25,17.21,16.98,17.9,17.3,17.9,2487.5,,,99.34,5.1098,,17.78,2022-08-25
2022-08-26,17.64,17.33,18.47,17.54,18.47,2502.0,2.9096,625.0,100.99,5.0637,56.26,18.27,2022-08-26
2022-08-29,17.68,17.39,18.44,17.64,18.44,2489.5,,,105.09,5.0291,,18.28,2022-08-29
2022-08-30,17.41,17.16,18.1,17.45,18.1,2473.5,,,99.31,5.122,,17.96,2022-08-30
2022-08-31,17.25,17.04,17.89,17.34,17.89,2437.0,,,96.49,5.1839,,17.77,2022-08-31
2022-09-01,17.25,17.0,17.99,17.26,17.99,2372.0,,,92.36,5.2424,,17.82,2022-09-01
2022-09-02,17.47,17.26,18.15,17.49,18.15,2311.0,2.8778,800.0,93.02,5.1701,59.93,18.01,2022-09-02
2022-09-05,,,,,,2297.0,,,95.74,5.1532,,,2022-09-05
2022-09-06,17.27,17.06,17.98,17.27,17.98,2317.0,,,92.83,5.2512,,17.8,2022-09-06
2022-09-07,17.28,17.06,18.05,17.33,18.05,,,,88.0,,,17.82,2022-09-07
2022-09-08,17.25,17.07,17.93,17.34,17.93,2334.0,,,89.15,5.2152,,17.72,2022-09-08
2022-09-09,17.38,17.21,18.22,17.48,18.22,2345.5,2.8186,790.0,92.84,5.1474,55.7,17.83,2022-09-09
2022-09-12,17.48,17.28,18.35,17.53,18.35,2358.5,,,94.0,5.0921,,17.95,2022-09-12
2022-09-13,17.47,17.23,18.38,17.47,18.38,2399.0,,,93.17,5.1909,,17.98,2022-09-13
2022-09-14,17.46,17.23,18.27,17.53,18.27,2495.5,,,94.1,5.164,,17.97,2022-09-14
2022-09-15,17.32,17.07,18.18,17.33,18.18,2522.5,,,90.84,5.2472,,17.88,2022-09-15
2022-09-16,17.05,16.83,17.88,17.14,17.88,2524.0,2.8378,725.0,91.35,5.2501,55.7,17.56,2022-09-16
2022-09-19,16.82,16.58,17.69,16.93,17.69,2518.0,,,92.0,5.1691,,17.37,2022-09-19
2022-09-20,17.2,16.92,18.19,17.22,18.19,2504.5,,,90.62,5.1433,,17.8,2022-09-20
2022-09-21,17.18,16.86,18.22,17.18,18.22,2473.5,,,89.83,5.173,,17.81,2022-09-21
2022-09-22,17.36,17.02,18.49,17.3,18.49,2469.5,,,90.46,5.1168,,18.0,2022-09-22
2022-09-23,17.02,16.72,18.28,17.02,18.28,2483.5,2.8415,695.0,86.15,5.2622,55.7,17.64,2022-09-23
2022-09-26,16.96,16.61,18.35,16.88,18.35,2487.0,,,84.06,5.3905,,17.62,2022-09-26
2022-09-27,16.93,16.56,18.19,16.83,18.19,2529.0,,,86.27,5.3805,,17.59,2022-09-27
2022-09-28,16.99,16.58,18.29,16.87,18.29,2603.0,,,89.32,5.3746,,17.71,2022-09-28
2022-09-29,16.99,16.57,18.44,16.83,18.44,,,,88.49,5.4001,,17.77,2022-09-29
2022-09-30,16.94,16.54,18.42,16.81,18.42,2636.5,2.8793,675.0,87.96,5.4155,55.7,17.68,2022-09-30
2022-10-03,16.75,16.47,16.55,16.82,17.42,2662.5,,,88.86,5.1687,,17.42,2022-10-03
2022-10-04,17.14,16.75,16.79,17.02,17.91,2648.0,,,91.8,5.1778,,17.91,2022-10-04
2022-10-05,17.19,16.84,16.88,17.1,17.95,2659.5,,,93.37,5.1958,,17.95,2022-10-05
2022-10-06,17.58,17.14,17.14,17.31,18.46,2676.5,,,94.42,5.2224,,18.46,2022-10-06
2022-10-07,17.8,17.27,17.25,17.42,18.68,2702.0,2.9131,655.0,97.92,5.2034,55.7,18.68,2022-10-07
2022-10-10,17.73,17.23,17.22,17.39,18.61,2790.0,,,96.19,5.1908,,18.61,2022-10-10
2022-10-11,17.81,17.25,17.23,17.39,18.74,2811.5,,,94.29,5.3022,,18.74,2022-10-11
2022-10-12,17.8,17.29,17.28,17.45,18.68,,,,92.45,,,18.68,2022-10-12
2022-10-13,17.85,17.26,17.23,17.39,18.81,2826.5,,,94.57,5.2631,,18.81,2022-10-13
2022-10-14,17.87,17.29,17.28,17.45,18.84,2830.5,3.0416,685.0,91.63,5.3257,55.7,18.84,2022-10-14
2022-10-17,17.88,17.36,17.38,17.55,18.77,2835.0,,,91.62,5.2826,,18.77,2022-10-17
2022-10-18,17.78,17.29,17.3,17.47,18.67,2801.0,,,90.03,5.2412,,18.67,2022-10-18
2022-10-19,17.74,17.28,17.29,17.46,18.65,2791.0,,,92.41,5.2721,,18.65,2022-10-19
2022-10-20,17.5,17.08,17.12,17.3,18.39,2790.0,,,92.38,5.2147,,18.39,2022-10-20
2022-10-21,17.48,17.05,17.08,17.26,18.38,2785.0,3.1056,660.0,93.5,5.1631,55.7,18.38,2022-10-21
2022-10-24,17.2,16.75,16.8,17.01,18.13,2777.5,,,93.26,5.3025,,18.13,2022-10-24
2022-10-25,17.18,16.68,16.72,16.92,18.11,2749.5,,,93.52,5.3175,,18.11,2022-10-25
2022-10-26,16.92,16.43,16.48,16.7,17.86,2729.0,,,95.69,5.3813,,17.86,2022-10-26
2022-10-27,16.79,16.29,16.36,16.6,17.71,2759.5,,,96.96,5.342,,17.71,2022-10-27
2022-10-28,16.65,16.19,16.26,16.51,17.58,2828.5,3.074,635.0,95.77,5.2954,55.7,17.58,2022-10-28
2022-10-31,16.89,16.29,16.33,16.55,17.97,2907.5,,,94.83,5.1797,,17.97,2022-10-31
2022-11-01,17.39,16.81,16.83,17.04,18.43,2955.0,,,94.65,5.1468,,18.43,2022-11-01
2022-11-02,17.48,16.95,16.97,17.16,18.47,,,,96.16,,,18.47,2022-11-02
2022-11-03,17.48,16.95,16.96,17.14,18.47,2971.0,,,94.67,5.1164,,18.47,2022-11-03
2022-11-04,17.77,17.23,17.24,17.41,18.71,2982.0,3.1941,605.0,98.57,5.0592,55.7,18.71,2022-11-04
2022-11-07,17.72,17.14,17.14,17.32,18.68,3006.0,,,97.92,5.1621,,18.68,2022-11-07
2022-11-08,18.06,17.49,17.47,17.63,19.0,2978.5,,,95.36,5.1479,,19.0,2022-11-08
2022-11-09,18.4,17.74,17.67,17.79,19.38,2943.5,,,92.65,5.1965,,19.38,2022-11-09
2022-11-10,18.4,17.69,17.55,17.62,19.41,2907.5,,,93.67,5.38,,19.41,2022-11-10
2022-11-11,18.6,17.89,17.72,17.75,19.64,2880.0,3.2951,605.0,95.99,5.3264,55.7,19.64,2022-11-11
2022-11-14,18.79,18.07,17.9,17.93,19.83,2894.5,,,93.14,5.3252,,19.83,2022-11-14
2022-11-15,19.16,18.36,18.11,18.07,20.29,,,,93.86,,,20.29,2022-11-15
2022-11-16,19.06,18.28,18.0,17.92,20.27,2901.0,,,92.86,5.3925,,20.27,2022-11-16
2022-11-17,18.62,17.92,17.68,17.64,19.73,2886.0,,,89.78,5.4056,,19.73,2022-11-17
2022-11-18,18.84,18.09,17.83,17.78,20.05,2919.5,3.271,580.0,87.62,5.377,55.7,20.05,2022-11-18
2022-11-21,18.7,17.98,17.75,17.73,19.86,2923.0,,,87.45,5.309,,19.86,2022-11-21
2022-11-22,18.65,17.95,17.76,17.74,19.74,2916.0,,,88.36,5.3637,,19.74,2022-11-22
2022-11-23,18.48,17.81,17.63,17.64,19.55,2901.0,,,85.41,5.3496,,19.55,2022-11-23
2022-11-24,,,,,,2907.5,,,85.34,5.3122,,,2022-11-24
2022-11-25,18.36,17.77,17.64,17.67,19.33,2894.5,3.2423,564.0,83.63,5.3987,55.7,19.33,2022-11-25
2022-11-28,18.35,17.75,17.57,17.57,19.38,2897.0,,,83.19,5.3657,,19.38,2022-11-28
2022-11-29,18.46,17.84,17.64,17.62,19.53,2897.5,,,83.03,5.2845,,19.53,2022-11-29
2022-11-30,18.56,17.93,17.74,17.72,19.63,2877.5,,,85.43,5.1906,,19.63,2022-11-30
2022-12-01,18.56,17.95,17.77,17.74,19.62,2845.0,,,86.88,5.1916,,19.62,2022-12-01
2022-12-02,18.33,17.65,17.46,17.44,19.48,2858.0,3.2311,540.0,85.57,5.219,55.7,19.48,2022-12-02
2022-12-05,18.43,17.78,17.61,17.61,19.55,2854.5,,,82.68,5.283,,19.55,2022-12-05
2022-12-06,18.28,17.66,17.53,17.58,19.39,2851.5,,,79.35,5.2379,,19.39,2022-12-06
2022-12-07,18.35,17.71,17.56,17.59,19.48,2830.5,,,77.17,5.2164,,19.48,2022-12-07
2022-12-08,18.51,17.83,17.66,17.68,19.68,2783.5,,,76.15,5.2169,,19.68,2022-12-08
2022-12-09,18.46,17.79,17.64,17.69,19.6,2788.0,3.1511,520.0,76.1,5.2471,55.7,19.6,2022-12-09
2022-12-12,18.32,17.69,17.59,17.7,19.38,2768.0,,,77.99,5.2924,,19.38,2022-12-12
2022-12-13,18.6,17.9,17.74,17.81,19.76,2746.0,,,80.68,5.3047,,19.76,2022-12-13
2022-12-14,19.01,18.19,17.96,18.02,20.29,2749.5,,,82.7,5.2899,,20.29,2022-12-14
2022-12-15,18.78,18.0,17.81,17.89,19.98,2785.0,,,81.21,5.3142,,19.98,2022-12-15
2022-12-16,18.82,17.99,17.77,17.86,20.09,2832.5,3.1061,502.5,79.04,5.3073,55.7,20.09,2022-12-16
2022-12-19,18.93,18.11,17.92,18.01,20.14,2891.5,,,79.8,5.2992,,20.14,2022-12-19
2022-12-20,19.22,18.28,18.01,18.09,20.58,2927.5,,,79.99,5.2033,,20.58,2022-12-20
2022-12-21,19.32,18.37,18.09,18.17,20.75,2968.0,,,82.2,5.2021,,20.75,2022-12-21
2022-12-22,19.44,18.44,18.15,18.22,20.89,2969.5,,,80.98,5.173,,20.89,2022-12-22
2022-12-23,19.5,18.5,18.21,18.26,20.98,2971.5,3.1888,485.0,83.92,5.162,55.7,20.98,2022-12-23
2022-12-26,,,,,,2975.0,,,,5.2199,,,2022-12-26
2022-12-27,18.99,18.14,17.93,18.03,20.32,2973.0,,,84.33,5.2933,,20.32,2022-12-27
2022-12-28,18.83,18.03,17.85,17.94,20.16,2968.0,,,83.26,5.2633,,20.16,2022-12-28
2022-12-29,18.92,18.13,17.93,18.0,20.29,2969.0,3.2393,,82.26,5.2804,,20.29,2022-12-29
2022-12-30,18.72,17.98,17.82,17.91,20.04,,,,85.91,,55.7,20.04,2022-12-30
2023-01-02,,,,,,2961.5,,,,5.3597,,,2023-01-02
2023-01-03,18.44,17.77,17.65,17.79,19.7,2945.5,,,82.1,5.4627,,19.7,2023-01-03
2023-01-04,18.35,17.72,17.63,17.78,19.54,2906.0,,,77.84,5.4316,,19.54,2023-01-04
2023-01-05,18.21,17.59,17.51,17.67,19.34,2831.5,,,78.69,5.3529,,19.34,2023-01-05
2023-01-06,17.91,17.34,17.28,17.45,18.96,2783.5,3.2284,462.5,78.57,5.225,67.13,18.96,2023-01-06
2023-01-09,18.06,17.44,17.34,17.48,19.17,2768.0,,,79.65,5.2585,,19.17,2023-01-09
2023-01-10,18.33,17.61,17.48,17.61,19.64,2732.0,,,80.1,5.2041,,19.64,2023-01-10
2023-01-11,18.34,17.63,17.5,17.66,19.65,2705.0,,,82.67,5.1647,,19.65,2023-01-11
2023-01-12,18.34,17.66,17.53,17.71,19.59,2673.0,,,84.03,5.101,,19.59,2023-01-12
2023-01-13,18.41,17.68,17.53,17.7,19.73,2662.5,3.0829,452.5,85.28,5.1034,69.04,19.73,2023-01-13
2023-01-16,,,,,,2662.0,,,84.46,5.1527,,,2023-01-16
2023-01-17,18.78,18.03,17.85,17.97,20.14,2638.0,,,85.92,5.1052,,20.14,2023-01-17
2023-01-18,18.54,17.88,17.74,17.9,19.82,2651.0,,,84.98,5.1815,,19.82,2023-01-18
2023-01-19,18.41,17.77,17.65,17.83,19.68,2642.0,,,86.16,5.1767,,19.68,2023-01-19
2023-01-20,18.41,17.77,17.67,17.86,19.72,2655.0,2.937,452.5,87.63,5.2071,69.04,19.72,2023-01-20
2023-01-23,18.44,17.8,17.69,17.88,19.7,2663.0,,,88.19,5.1959,,19.7,2023-01-23
2023-01-24,18.62,17.96,17.83,18.01,19.88,2739.5,,,86.13,5.1423,,19.88,2023-01-24
2023-01-25,18.84,18.17,18.03,18.23,20.11,2831.5,,,86.12,5.0767,,20.11,2023-01-25
2023-01-26,19.32,18.53,18.31,18.46,20.68,2855.5,,,87.47,5.0702,,20.68,2023-01-26
2023-01-27,19.61,18.79,18.55,18.69,20.96,2868.0,2.991,415.0,86.66,5.1086,69.04,20.96,2023-01-27
2023-01-30,19.9,19.07,18.84,18.94,21.21,2854.0,,,84.9,5.1214,,21.21,2023-01-30
2023-01-31,20.3,19.43,19.13,19.17,21.6,,,,84.22,5.0878,,21.6,2023-01-31
